<?xml version="1.0"?>
<Actions> 
    <Action id="setPersonAway">
        <Name>Set Person Away</Name>
        <CallbackMethod>setPersonAway</CallbackMethod>
        <ConfigUI>
            <Field id="name" type="textfield">
                <Label>Name</Label>
            </Field>
        </ConfigUI>
    </Action>
    <Action id="setAllAway">
        <Name>Set All Away</Name>
        <CallbackMethod>setAllAway</CallbackMethod>
    </Action>
    <Action id="setPersonHome">
        <Name>Set Person Home</Name>
        <CallbackMethod>setPersonHome</CallbackMethod>
        <ConfigUI>
            <Field id="name" type="textfield">
                <Label>Name</Label>
            </Field>
        </ConfigUI>
    </Action>
    <Action id="takeSnapshot">
        <Name>Take Snapshot</Name>
        <CallbackMethod>takeSnapshot</CallbackMethod>
        <ConfigUI>
        	<Field id="devId" type="menu" defaultValue="None">
            	<Label>Camera:</Label>
            	<List class="indigo.devices" filter="self.netatmoWelcome"/>
         	</Field>
        </ConfigUI>
    </Action>
    <Action id="setOverride" deviceFilter="self.netatmoTherm">
        <Name>Set Override</Name>
        <CallbackMethod>setOverride</CallbackMethod>
		<ConfigUI>
			<Field id="setOverride" type="label">
		        <Label>Temporarily overrides the programmed schedule.</Label>
		    </Field>
			<Field type="menu" id="numberOfHours" defaultValue="01">
				<Label>Choose an option:</Label>
				<List>
					<Option value="0.25">15 Minutes</Option>
					<Option value="0.5">30 Minutes</Option>
					<Option value="01">1 Hour</Option>
					<Option value="02">2 Hours</Option>
					<Option value="03">3 Hours</Option>
					<Option value="04">4 Hours</Option>
					<Option value="05">5 Hours</Option>
					<Option value="06">6 Hours</Option>
					<Option value="07">7 Hours</Option>
					<Option value="08">8 Hours</Option>
					<Option value="09">9 Hours</Option>
					<Option value="10">10 Hours</Option>
					<Option value="15">15 Hours</Option>
					<Option value="20">20 Hours</Option>
				</List>
			</Field>
			<Field type="menu" id="overrideTemp" defaultValue="20">
				<Label>Choose an option:</Label>
				<List>
					<Option value="10">10 degC</Option>
					<Option value="15">15 degC</Option>
					<Option value="16">16 degC</Option>
					<Option value="17">17 degC</Option>
					<Option value="18">18 degC</Option>
					<Option value="19">19 degC</Option>
					<Option value="20">20 degC</Option>
					<Option value="21">21 degC</Option>
					<Option value="22">22 degC</Option>
					<Option value="23">23 degC</Option>
					<Option value="24">24 degC</Option>
					<Option value="25">25 degC</Option>
				</List>
			</Field>
		</ConfigUI>
    </Action>
    <Action id="cancelOverride" deviceFilter="self.netatmoTherm">
        <Name>Cancel Override</Name>
        <CallbackMethod>cancelOverride</CallbackMethod>
    </Action>
     <Action id="toggleOverride" deviceFilter="self.netatmoTherm">
        <Name>Toggle Override</Name>
        <CallbackMethod>toggleOverride</CallbackMethod>
    </Action>   
    <Action id="setMode" deviceFilter="self.netatmoTherm">
        <Name>Set Thermostat Mode</Name>
        <CallbackMethod>setMode</CallbackMethod>
		<ConfigUI>
			<Field id="setMode" type="label">
		        <Label>Sets the thermostat operating mode</Label>
		    </Field>
			<Field type="menu" id="mode" defaultValue="schedule">
				<Label>Choose an option:</Label>
				<List>
					<Option value="schedule">Schedule</Option>
					<Option value="manual">Manual</Option>
					<Option value="away">Away</Option>
					<Option value="hg">Frost</Option>
				</List>
			</Field>
		</ConfigUI>
    </Action>
    <Action id="changeSchedule">
        <Name>Change Heating Schedule</Name>
        <CallbackMethod>changeSchedule</CallbackMethod>
		<ConfigUI>
         	<Field id="newSchedule" type="menu" defaultValue="Standard">
            	<Label>New Schedule:</Label>
            	<List class="self" filter="" method="listGeneratorA"/>
			</Field>
		</ConfigUI>
    </Action>
    <Action id="lsProtect" deviceFilter="" method="listGeneratorB">
        <Name>Limescale Protection</Name>
        <CallbackMethod>lsProtect</CallbackMethod>
        <ConfigUI>
         	<Field id="devId" type="menu" defaultValue="None">
            	<Label>Select TRV:</Label>
            	<List class="self" filter="" method="listGeneratorB"/>
			</Field>
		</ConfigUI>      
    </Action>
</Actions>
