<?xml version="1.0" encoding="UTF-8" ?>
<!--
    Devices
    Created by Alan Carter
    Copyright (c) 2016-2018
    All rights reserved
-->

<Devices>
    <Device type="custom" id="netatmoWelcome">
        <Name>Netatmo Camera</Name>
        <States>
            <State id="status">
                <ValueType>
                    <List>
                        <Option value="off">Offline</Option>
                        <Option value="on">Online</Option>
                    </List>
                </ValueType>
                <TriggerLabel>Status Changed</TriggerLabel>
                <TriggerLabelPrefix>Status Changed to</TriggerLabelPrefix>
                <ControlPageLabel>Current Status</ControlPageLabel>
                <ControlPageLabelPrefix>Status is</ControlPageLabelPrefix>
            </State>
            <State id="sd_status">
                <ValueType>
                    <List>
                        <Option value="off">Offline</Option>
                        <Option value="on">Online</Option>
                    </List>
                </ValueType>
                <TriggerLabel>SD Status Changed</TriggerLabel>
                <TriggerLabelPrefix>SD Status Changed to</TriggerLabelPrefix>
                <ControlPageLabel>Current SD Status</ControlPageLabel>
                <ControlPageLabelPrefix>SD Status is</ControlPageLabelPrefix>
            </State>
            <State id="psu_status">
                <ValueType>
                    <List>
                        <Option value="off">Off</Option>
                        <Option value="on">On</Option>
                    </List>
                </ValueType>
                <TriggerLabel>PSU Status Changed</TriggerLabel>
                <TriggerLabelPrefix>PSU Status Changed to</TriggerLabelPrefix>
                <ControlPageLabel>Current PSU Status</ControlPageLabel>
                <ControlPageLabelPrefix>PSU Status is</ControlPageLabelPrefix>
            </State>
            <State id="last_event">
                <ValueType>String</ValueType>
                <TriggerLabel>Last Event</TriggerLabel>
                <ControlPageLabel>Last Event</ControlPageLabel>
            </State>
            <State id="last_event_pointer">
                <ValueType>Number</ValueType>
                <TriggerLabel>Last Event Pointer</TriggerLabel>
                <ControlPageLabel>Last Event Pointer</ControlPageLabel>
            </State>
            <State id="last_event_time">
                <ValueType>String</ValueType>
                <TriggerLabel>Last Event Time</TriggerLabel>
                <ControlPageLabel>Last Event Time</ControlPageLabel>
            </State>
            <State id="last_update_time">
                <ValueType>String</ValueType>
                <TriggerLabel>Last Update Time</TriggerLabel>
                <ControlPageLabel>Last Update Time</ControlPageLabel>
            </State>
            <State id="light_mode">
                <ValueType>String</ValueType>
                <TriggerLabel>Light Mode</TriggerLabel>
                <ControlPageLabel>Light Mode</ControlPageLabel>
            </State>
        </States>
        <UiDisplayStateId>status</UiDisplayStateId>
    </Device>

    <Device type="custom" id="netatmoSmokeDetector">
        <Name>Netatmo Smoke Detector</Name>
        <States>
            <State id="last_event">
                <ValueType>String</ValueType>
                <TriggerLabel>Last Event</TriggerLabel>
                <ControlPageLabel>Last Event</ControlPageLabel>
            </State>
            <State id="last_event_type">
                <ValueType>String</ValueType>
                <TriggerLabel>Last Event Type</TriggerLabel>
                <ControlPageLabel>Last Event Type</ControlPageLabel>
            </State>
            <State id="last_event_subtype">
                <ValueType>String</ValueType>
                <TriggerLabel>Last Event Sub-Type</TriggerLabel>
                <ControlPageLabel>Last Event Sub-Type</ControlPageLabel>
            </State>
            <State id="last_event_time">
                <ValueType>String</ValueType>
                <TriggerLabel>Last Event Time</TriggerLabel>
                <ControlPageLabel>Last Event Time</ControlPageLabel>
            </State>
            <State id="status">
                <ValueType>String</ValueType>
                <TriggerLabel>Status Changed</TriggerLabel>
                <ControlPageLabel>Current Status</ControlPageLabel>
            </State>
            <State id="last_update_time">
                <ValueType>String</ValueType>
                <TriggerLabel>Last Update Time</TriggerLabel>
                <ControlPageLabel>Last Update Time</ControlPageLabel>
            </State>
        </States>
        <UiDisplayStateId>status</UiDisplayStateId>
    </Device>

    <Device type="custom" id="netatmoHome">
        <Name>Netatmo Healthy Home Monitor</Name>
        <States>
            <State id="Health">
                <ValueType>String</ValueType>
                <TriggerLabel>Health</TriggerLabel>
                <ControlPageLabel>Health</ControlPageLabel>
            </State>
            <State id="Status">
                <ValueType>String</ValueType>
                <TriggerLabel>Status</TriggerLabel>
                <ControlPageLabel>Status</ControlPageLabel>
            </State>
            <State id="Noise">
                <ValueType>Number</ValueType>
                <TriggerLabel>Noise (dB)</TriggerLabel>
                <ControlPageLabel>Noise (dB)</ControlPageLabel>
            </State>
            <State id="Temperature">
                <ValueType>Number</ValueType>
                <TriggerLabel>Temperature (degC)</TriggerLabel>
                <ControlPageLabel>Temperature (degC)</ControlPageLabel>
            </State>
            <State id="Pressure">
                <ValueType>Number</ValueType>
                <TriggerLabel>Pressure (mB)</TriggerLabel>
                <ControlPageLabel>Pressure (mB)</ControlPageLabel>
            </State>
            <State id="Humidity">
                <ValueType>Number</ValueType>
                <TriggerLabel>Humidity (%)</TriggerLabel>
                <ControlPageLabel>Humidity (%)</ControlPageLabel>
            </State>
            <State id="CO2">
                <ValueType>Number</ValueType>
                <TriggerLabel>CO2 (ppm)</TriggerLabel>
                <ControlPageLabel>CO2 (ppm)</ControlPageLabel>
            </State>
            <State id="CO2Calibrating">
                <ValueType>String</ValueType>
                <TriggerLabel>CO2 Calibrating</TriggerLabel>
                <ControlPageLabel>CO2 Calibrating</ControlPageLabel>
            </State>
            <State id="MinTemp">
                <ValueType>Number</ValueType>
                <TriggerLabel>MinTemp (degC)</TriggerLabel>
                <ControlPageLabel>MinTemp (degC)</ControlPageLabel>
            </State>
            <State id="MinTempDate">
                <ValueType>String</ValueType>
                <TriggerLabel>Date of Min Temp</TriggerLabel>
                <ControlPageLabel>Date of Min Temp</ControlPageLabel>
            </State>
            <State id="MaxTemp">
                <ValueType>Number</ValueType>
                <TriggerLabel>MaxTemp (degC)</TriggerLabel>
                <ControlPageLabel>MaxTemp (degC)</ControlPageLabel>
            </State>
            <State id="MaxTempDate">
                <ValueType>String</ValueType>
                <TriggerLabel>Date of Max Temp</TriggerLabel>
                <ControlPageLabel>Date of Max Temp</ControlPageLabel>
            </State>
            <State id="Firmware">
                <ValueType>String</ValueType>
                <TriggerLabel>Firmware Version</TriggerLabel>
                <ControlPageLabel>Firmware Version</ControlPageLabel>
            </State>
            <State id="LastUpgrade">
                <ValueType>String</ValueType>
                <TriggerLabel>Last Firmware Upgrade</TriggerLabel>
                <ControlPageLabel>Last Firmware Upgrade</ControlPageLabel>
            </State>
            <State id="WiFiStatus">
                <ValueType>String</ValueType>
                <TriggerLabel>WiFi Status</TriggerLabel>
                <ControlPageLabel>WiFi Status</ControlPageLabel>
            </State>
            <State id="LastReading">
                <ValueType>String</ValueType>
                <TriggerLabel>Last Reading</TriggerLabel>
                <ControlPageLabel>Last Reading</ControlPageLabel>
            </State>
            <State id="Reachable">
                <ValueType>String</ValueType>
                <TriggerLabel>Device is reachable</TriggerLabel>
                <ControlPageLabel>Device is reachable</ControlPageLabel>
            </State>
        </States>
        <UiDisplayStateId>Temperature</UiDisplayStateId>
    </Device>
    
    <Device type="custom" id="netatmoBaseStation">
        <Name>Netatmo Weather Base Station</Name>
        <States>
            <State id="Noise">
                <ValueType>Number</ValueType>
                <TriggerLabel>Noise</TriggerLabel>
                <ControlPageLabel>Noise</ControlPageLabel>
            </State>
            <State id="Temperature">
                <ValueType>Number</ValueType>
                <TriggerLabel>Temperature</TriggerLabel>
                <ControlPageLabel>Temperature</ControlPageLabel>
            </State>
            <State id="TemperatureTrend">
                <ValueType>String</ValueType>
                <TriggerLabel>Temperature Trend</TriggerLabel>
                <ControlPageLabel>Temperature Trend</ControlPageLabel>
            </State>
            <State id="MinTemp">
                <ValueType>Number</ValueType>
                <TriggerLabel>Min Temp</TriggerLabel>
                <ControlPageLabel>Min Temp</ControlPageLabel>
            </State> 
            <State id="MinTempDate">
                <ValueType>String</ValueType>
                <TriggerLabel>Date Min Temp</TriggerLabel>
                <ControlPageLabel>Date Min Temp</ControlPageLabel>
            </State> 
            <State id="MaxTemp">
                <ValueType>Number</ValueType>
                <TriggerLabel>Max Temp</TriggerLabel>
                <ControlPageLabel>Max Temp</ControlPageLabel>
            </State>
            <State id="MaxTempDate">
                <ValueType>String</ValueType>
                <TriggerLabel>Date Max Temp</TriggerLabel>
                <ControlPageLabel>Date Max Temp</ControlPageLabel>
            </State> 
            <State id="Humidity">
                <ValueType>Number</ValueType>
                <TriggerLabel>Humidity</TriggerLabel>
                <ControlPageLabel>Humidity</ControlPageLabel>
            </State>
            <State id="Pressure">
                <ValueType>Number</ValueType>
                <TriggerLabel>Pressure</TriggerLabel>
                <ControlPageLabel>Pressure</ControlPageLabel>
            </State>
            <State id="AbsolutePressure">
                <ValueType>Number</ValueType>
                <TriggerLabel>AbsolutePressure</TriggerLabel>
                <ControlPageLabel>AbsolutePressure</ControlPageLabel>
            </State>
            <State id="CO2">
                <ValueType>Number</ValueType>
                <TriggerLabel>CO2</TriggerLabel>
                <ControlPageLabel>CO2</ControlPageLabel>
            </State>
            <State id="CO2Calibrating">
                <ValueType>String</ValueType>
                <TriggerLabel>CO2 Calibrating</TriggerLabel>
                <ControlPageLabel>CO2 Calibrating</ControlPageLabel>
            </State>
            <State id="Firmware">
                <ValueType>String</ValueType>
                <TriggerLabel>Firmware Version</TriggerLabel>
                <ControlPageLabel>Firmware Version</ControlPageLabel>
            </State>
            <State id="LastUpgrade">
                <ValueType>String</ValueType>
                <TriggerLabel>Last Firmware Upgrade</TriggerLabel>
                <ControlPageLabel>Last Firmware Upgrade</ControlPageLabel>
            </State>
            <State id="WiFiStatus">
                <ValueType>Number</ValueType>
                <TriggerLabel>WiFi Status</TriggerLabel>
                <ControlPageLabel>WiFi Status</ControlPageLabel>
            </State>
            <State id="LastReading">
                <ValueType>String</ValueType>
                <TriggerLabel>Last Reading</TriggerLabel>
                <ControlPageLabel>Last Reading</ControlPageLabel>
            </State>
            <State id="Reachable">
                <ValueType>String</ValueType>
                <TriggerLabel>Device is reachable</TriggerLabel>
                <ControlPageLabel>Device is reachable</ControlPageLabel>
            </State>
            <State id="MAC">
                <ValueType>String</ValueType>
                <TriggerLabel>MAC Address</TriggerLabel>
                <ControlPageLabel>Mac Address</ControlPageLabel>
            </State>
        </States>
        <UiDisplayStateId>Temperature</UiDisplayStateId>
    </Device>
    
    <Device type="custom" id="netatmoOutModule">
        <Name>Netatmo Weather Outdoor Module</Name>
        <States>
            <State id="Temperature">
                <ValueType>Number</ValueType>
                <TriggerLabel>Temperature</TriggerLabel>
                <ControlPageLabel>Temperature</ControlPageLabel>
            </State>
            <State id="TemperatureTrend">
                <ValueType>String</ValueType>
                <TriggerLabel>Temperature Trend</TriggerLabel>
                <ControlPageLabel>Temperature Trend</ControlPageLabel>
            </State>
            <State id="MinTemp">
                <ValueType>Number</ValueType>
                <TriggerLabel>Min Temp</TriggerLabel>
                <ControlPageLabel>Min Temp</ControlPageLabel>
            </State>
            <State id="MinTempDate">
                <ValueType>String</ValueType>
                <TriggerLabel>Date of Min Temp</TriggerLabel>
                <ControlPageLabel>Date of Min Temp</ControlPageLabel>
            </State>
            <State id="MaxTemp">
                <ValueType>Number</ValueType>
                <TriggerLabel>Max Temp</TriggerLabel>
                <ControlPageLabel>Max Temp</ControlPageLabel>
            </State>
            <State id="MaxTempDate">
                <ValueType>String</ValueType>
                <TriggerLabel>Date of Max Temp</TriggerLabel>
                <ControlPageLabel>Date of Max Temp</ControlPageLabel>
            </State>
            <State id="Humidity">
                <ValueType>Number</ValueType>
                <TriggerLabel>Humidity</TriggerLabel>
                <ControlPageLabel>Humidity</ControlPageLabel>
            </State>
            <State id="Dewpoint">
                <ValueType>Number</ValueType>
                <TriggerLabel>Dewpoint</TriggerLabel>
                <ControlPageLabel>Dewpoint</ControlPageLabel>
            </State>
            <State id="Firmware">
                <ValueType>String</ValueType>
                <TriggerLabel>Firmware Version</TriggerLabel>
                <ControlPageLabel>Firmware Version</ControlPageLabel>
            </State>
            <State id="RadioStatus">
                <ValueType>Number</ValueType>
                <TriggerLabel>Radio Status</TriggerLabel>
                <ControlPageLabel>Radio Status</ControlPageLabel>
            </State>
            <State id="LastReading">
                <ValueType>String</ValueType>
                <TriggerLabel>Last Reading</TriggerLabel>
                <ControlPageLabel>Last Reading</ControlPageLabel>
            </State>
            <State id="Reachable">
                <ValueType>String</ValueType>
                <TriggerLabel>Device is reachable</TriggerLabel>
                <ControlPageLabel>Device is reachable</ControlPageLabel>
            </State>
            <State id="MAC">
                <ValueType>String</ValueType>
                <TriggerLabel>MAC Address</TriggerLabel>
                <ControlPageLabel>Mac Address</ControlPageLabel>
            </State>
        </States>
        <UiDisplayStateId>Temperature</UiDisplayStateId>
    </Device>
    
    <Device type="custom" id="netatmoWindGauge">
        <Name>Netatmo Weather Wind Gauge</Name>
        <States>
            <State id="WindStrength">
                <ValueType>Number</ValueType>
                <TriggerLabel>Wind Strength</TriggerLabel>
                <ControlPageLabel>Wind Strength</ControlPageLabel>
            </State>
            <State id="WindAngle">
                <ValueType>Number</ValueType>
                <TriggerLabel>Wind Angle</TriggerLabel>
                <ControlPageLabel>Wind Angle</ControlPageLabel>
            </State>
            <State id="WindDirection">
                <ValueType>String</ValueType>
                <TriggerLabel>Wind Direction</TriggerLabel>
                <ControlPageLabel>Wind Direction</ControlPageLabel>
            </State>
            <State id="MaxWindStrength">
                <ValueType>Number</ValueType>
                <TriggerLabel>Max Wind Strength</TriggerLabel>
                <ControlPageLabel>Max Wind Strength</ControlPageLabel>
            </State>
            <State id="MaxWindDate">
                <ValueType>String</ValueType>
                <TriggerLabel>Date of Max Wind Strength</TriggerLabel>
                <ControlPageLabel>Date of Max Wind Strength</ControlPageLabel>
            </State>
            <State id="GustStrength">
                <ValueType>Number</ValueType>
                <TriggerLabel>Gust Strength</TriggerLabel>
                <ControlPageLabel>Gust Strength</ControlPageLabel>
            </State>
            <State id="GustAngle">
                <ValueType>Number</ValueType>
                <TriggerLabel>Gust Angle</TriggerLabel>
                <ControlPageLabel>Gust Angle</ControlPageLabel>
            </State>
            <State id="GustDirection">
                <ValueType>String</ValueType>
                <TriggerLabel>Gust Direction</TriggerLabel>
                <ControlPageLabel>Gust Direction</ControlPageLabel>
            </State>
            <State id="Firmware">
                <ValueType>String</ValueType>
                <TriggerLabel>Firmware Version</TriggerLabel>
                <ControlPageLabel>Firmware Version</ControlPageLabel>
            </State>
            <State id="RadioStatus">
                <ValueType>Number</ValueType>
                <TriggerLabel>Radio Status</TriggerLabel>
                <ControlPageLabel>Radio Status</ControlPageLabel>
            </State>
            <State id="LastReading">
                <ValueType>String</ValueType>
                <TriggerLabel>Last Reading</TriggerLabel>
                <ControlPageLabel>Last Reading</ControlPageLabel>
            </State>
            <State id="Reachable">
                <ValueType>String</ValueType>
                <TriggerLabel>Device is reachable</TriggerLabel>
                <ControlPageLabel>Device is reachable</ControlPageLabel>
            </State>
            <State id="MAC">
                <ValueType>String</ValueType>
                <TriggerLabel>MAC Address</TriggerLabel>
                <ControlPageLabel>Mac Address</ControlPageLabel>
            </State>
        </States>
        <UiDisplayStateId>WindStrength</UiDisplayStateId>
    </Device>
        
    <Device type="custom" id="netatmoRainGauge">
        <Name>Netatmo Weather Rain Gauge</Name>
        <States>
            <State id="Rain">
                <ValueType>Number</ValueType>
                <TriggerLabel>Rain</TriggerLabel>
                <ControlPageLabel>Rain</ControlPageLabel>
            </State>
            <State id="RainLastHour">
                <ValueType>Number</ValueType>
                <TriggerLabel>Rain Last Hour</TriggerLabel>
                <ControlPageLabel>Rain Last Hour</ControlPageLabel>
            </State>
            <State id="RainLastDay">
                <ValueType>Number</ValueType>
                <TriggerLabel>Rain Last 24 Hours</TriggerLabel>
                <ControlPageLabel>Rain Last 24 Hours</ControlPageLabel>
            </State>
            <State id="RainThisMonth">
                <ValueType>Number</ValueType>
                <TriggerLabel>Rain This Month</TriggerLabel>
                <ControlPageLabel>Rain This Month</ControlPageLabel>
            </State>         
            <State id="Firmware">
                <ValueType>String</ValueType>
                <TriggerLabel>Firmware Version</TriggerLabel>
                <ControlPageLabel>Firmware Version</ControlPageLabel>
            </State>
            <State id="RadioStatus">
                <ValueType>Number</ValueType>
                <TriggerLabel>Radio Status</TriggerLabel>
                <ControlPageLabel>Radio Status</ControlPageLabel>
            </State>
            <State id="LastReading">
                <ValueType>String</ValueType>
                <TriggerLabel>Last Reading</TriggerLabel>
                <ControlPageLabel>Last Reading</ControlPageLabel>
            </State>
            <State id="Reachable">
                <ValueType>String</ValueType>
                <TriggerLabel>Device is reachable</TriggerLabel>
                <ControlPageLabel>Device is reachable</ControlPageLabel>
            </State>
            <State id="MAC">
                <ValueType>String</ValueType>
                <TriggerLabel>MAC Address</TriggerLabel>
                <ControlPageLabel>Mac Address</ControlPageLabel>
            </State>
        </States>
        <UiDisplayStateId>Rain</UiDisplayStateId>
    </Device>
    
    <Device type="custom" id="netatmoAddIndoorModule">
        <Name>Netatmo Weather Additional Indoor Module</Name>
        <States>     
            <State id="Temperature">
                <ValueType>Number</ValueType>
                <TriggerLabel>Temperature</TriggerLabel>
                <ControlPageLabel>Temperature</ControlPageLabel>
            </State>
            <State id="TemperatureTrend">
                <ValueType>String</ValueType>
                <TriggerLabel>Temperature Trend</TriggerLabel>
                <ControlPageLabel>Temperature Trend</ControlPageLabel>
            </State>
            <State id="MinTemp">
                <ValueType>Number</ValueType>
                <TriggerLabel>Min Temp</TriggerLabel>
                <ControlPageLabel>Min Temp</ControlPageLabel>
            </State>
            <State id="MinTempDate">
                <ValueType>String</ValueType>
                <TriggerLabel>Date Min Temp</TriggerLabel>
                <ControlPageLabel>Date Min Temp</ControlPageLabel>
            </State>
            <State id="MaxTemp">
                <ValueType>Number</ValueType>
                <TriggerLabel>Max Temp</TriggerLabel>
                <ControlPageLabel>Max Temp</ControlPageLabel>
            </State>
            <State id="MaxTempDate">
                <ValueType>String</ValueType>
                <TriggerLabel>Date Max Temp</TriggerLabel>
                <ControlPageLabel>Date Max Temp</ControlPageLabel>
            </State>
            <State id="Humidity">
                <ValueType>Number</ValueType>
                <TriggerLabel>Humidity</TriggerLabel>
                <ControlPageLabel>Humidity</ControlPageLabel>
            </State>
            <State id="CO2">
                <ValueType>Number</ValueType>
                <TriggerLabel>CO2</TriggerLabel>
                <ControlPageLabel>CO2</ControlPageLabel>
            </State>
            <State id="Firmware">
                <ValueType>String</ValueType>
                <TriggerLabel>Firmware Version</TriggerLabel>
                <ControlPageLabel>Firmware Version</ControlPageLabel>
            </State>
            <State id="RadioStatus">
                <ValueType>Number</ValueType>
                <TriggerLabel>Radio Status</TriggerLabel>
                <ControlPageLabel>Radio Status</ControlPageLabel>
            </State>
            <State id="LastReading">
                <ValueType>String</ValueType>
                <TriggerLabel>Last Reading</TriggerLabel>
                <ControlPageLabel>Last Reading</ControlPageLabel>
            </State>
            <State id="Reachable">
                <ValueType>String</ValueType>
                <TriggerLabel>Device is reachable</TriggerLabel>
                <ControlPageLabel>Device is reachable</ControlPageLabel>
            </State>
            <State id="MAC">
                <ValueType>String</ValueType>
                <TriggerLabel>MAC Address</TriggerLabel>
                <ControlPageLabel>Mac Address</ControlPageLabel>
            </State>
        </States>
        <UiDisplayStateId>Temperature</UiDisplayStateId>
    </Device>
    
    <Device type="thermostat" id="netatmoTherm">
        <Name>Netatmo Thermostat</Name>
        <States>
            <State id="DeviceType">
                <ValueType>String</ValueType>
                <TriggerLabel>Device Type</TriggerLabel>
                <ControlPageLabel>Device Type</ControlPageLabel>
            </State>
            <State id="Temperature">
                <ValueType>Number</ValueType>
                <TriggerLabel>Temperature</TriggerLabel>
                <ControlPageLabel>Temperature</ControlPageLabel>
            </State>
            <State id="Setpoint">
                <ValueType>Number</ValueType>
                <TriggerLabel>Setpoint</TriggerLabel>
                <ControlPageLabel>Setpoint</ControlPageLabel>
            </State>
            <State id="IntegerTemperature">
                <ValueType>Number</ValueType>
                <TriggerLabel>Integer Temperature</TriggerLabel>
                <ControlPageLabel>Integer Temperature</ControlPageLabel>
            </State>
            <State id="IntegerSetpoint">
                <ValueType>Number</ValueType>
                <TriggerLabel>Integer Setpoint</TriggerLabel>
                <ControlPageLabel>Integer Setpoint</ControlPageLabel>
            </State>
            <State id="Mode">
                <ValueType>String</ValueType>
                <TriggerLabel>Mode</TriggerLabel>
                <ControlPageLabel>Mode</ControlPageLabel>
            </State>
            <State id="BoilerStatus">
                <ValueType>String</ValueType>
                <TriggerLabel>Boiler Status</TriggerLabel>
                <ControlPageLabel>Boiler Status</ControlPageLabel>
            </State>
            <State id="Boost">
                <ValueType>String</ValueType>
                <TriggerLabel>Boost</TriggerLabel>
                <ControlPageLabel>Boost</ControlPageLabel>
            </State>
            <State id="BoostMinsRemaining">
                <ValueType>Number</ValueType>
                <TriggerLabel>Boost Minutes Remaining</TriggerLabel>
                <ControlPageLabel>Boost Minutes Remaining T</ControlPageLabel>
            </State>
            <State id="DefaultBoostPeriod">
                <ValueType>Number</ValueType>
                <TriggerLabel>Default Boost Period</TriggerLabel>
                <ControlPageLabel>Default Boost Period</ControlPageLabel>
            </State>
            <State id="Firmware">
                <ValueType>String</ValueType>
                <TriggerLabel>Firmware Version</TriggerLabel>
                <ControlPageLabel>Firmware Version</ControlPageLabel>
            </State>
            <State id="RadioStrength">
                <ValueType>Number</ValueType>
                <TriggerLabel>Radio Status</TriggerLabel>
                <ControlPageLabel>Radio Status</ControlPageLabel>
            </State>
            <State id="BatteryState">
                <ValueType>String</ValueType>
                <TriggerLabel>Battery State</TriggerLabel>
                <ControlPageLabel>Battery State</ControlPageLabel>
            </State>
            <State id="PreHeat">
                <ValueType>String</ValueType>
                <TriggerLabel>Preheat is on</TriggerLabel>
                <ControlPageLabel>Preheat is on</ControlPageLabel>
            </State>
            <State id="ScheduleInUse">
                <ValueType>String</ValueType>
                <TriggerLabel>Schedule in use</TriggerLabel>
                <ControlPageLabel>Schedule in use</ControlPageLabel>
            </State>
            <State id="CurrentZone">
                <ValueType>String</ValueType>
                <TriggerLabel>Current Zone</TriggerLabel>
                <ControlPageLabel>Current Zone</ControlPageLabel>
            </State>
            <State id="TRVCallingForHeat">
                <ValueType>String</ValueType>
                <TriggerLabel>TRV is calling for heat</TriggerLabel>
                <ControlPageLabel>TRV is calling for heat</ControlPageLabel>
            </State>
            <State id="ValvePosition">
                <ValueType>Number</ValueType>
                <TriggerLabel>Valve Position</TriggerLabel>
                <ControlPageLabel>Valve Position</ControlPageLabel>
            </State>
            <State id="OpenWindow">
                <ValueType>String</ValueType>
                <TriggerLabel>A window is open</TriggerLabel>
                <ControlPageLabel>A window is open</ControlPageLabel>
            </State>
            <State id="Reachable">
                <ValueType>String</ValueType>
                <TriggerLabel>Device is reachable</TriggerLabel>
                <ControlPageLabel>Device is reachable</ControlPageLabel>
            </State>
        </States>
        <UiDisplayStateId>Temperature</UiDisplayStateId>
    </Device>
</Devices>
