<?xml version="1.0"?>
<MenuItems>
    <MenuItem id="removeDeletedPersons">
        <Name>Remove variables for deleted persons</Name>
        <CallbackMethod>removeDeletedPersons</CallbackMethod>
    </MenuItem> 
    <MenuItem id="limescaleProtectNow">
        <Name>Initiate limescale protection</Name>
        <CallbackMethod>limescaleProtectNow</CallbackMethod>
    </MenuItem>
    <MenuItem id="updateReadingsNow">
        <Name>Update readings now</Name>
        <CallbackMethod>updateReadingsNow</CallbackMethod>
    </MenuItem>
    <MenuItem id="requestAccessToken">
        <Name>Request a new Access Token</Name>
        <CallbackMethod>requestAccessToken</CallbackMethod>
    </MenuItem>
</MenuItems>
