<?xml version="1.0"?>
<PluginConfig>
 	<Field id= "userName" type="textfield">
		<Label>Netatmo User Name:</Label>
	</Field>
	<Field id="userPass" type="textfield" secure="true">
		<Label>User Password:</Label>
	</Field>
	 <Field id= "clientId" type="textfield">
		<Label>Netatmo Client ID:</Label>
	</Field>
	<Field id="clientSecret" type="textfield" secure="true">
		<Label>Netatmo Client Secret:</Label>
	</Field>
	<Field id="accessToken" type="textfield" hidden="true" defaultValue="">
		<Label>Netatmo Access Token</Label>
	</Field>
	<Field id="refreshToken" type="textfield" hidden="true" defaultValue="">
		<Label>Netatmo Refresh Token:</Label>
	</Field>
	<Field id="expiration" type="textfield" hidden="true" defaultValue="0">
		<Label>Token expiration time (seconds):</Label>
	</Field>
	<Field id="saveTokens" type="checkbox" defaultValue="false" tooltip="Check to save Access and Refresh Tokens on shutdown">
		<Label>Save Access and Refresh Tokens on shutdown</Label>
	</Field>
	<Field id="pcSep1" type="separator" />
	<Field id="Welcome" type="checkbox" defaultValue="false" tooltip="Check if you have any Netatmo camera">
		<Label>Camera(s) installed</Label>
	</Field>
	<Field id="Presence" type="checkbox" defaultValue="false" visibleBindingId="Welcome" visibleBindingValue="true" tooltip="Check if you have a Netatmo Presence camera">
		<Label>Presence camera(s) installed</Label>
	</Field>
	<Field id="netatmoFreq" type="menu" defaultValue="1" visibleBindingId="Welcome" visibleBindingValue="true">
		<Label>Frequency of camera data updates (minutes):</Label>
		<List>
			<Option value="0.5">0.5</Option>
			<Option value="1">1</Option>
			<Option value="2">2</Option>
			<Option value="3">3</Option>
			<Option value="4">4</Option>
			<Option value="5">5</Option>
			<Option value="10">10</Option>
			<Option value="15">15</Option>
			<Option value="30">30</Option>
			<Option value="45">45</Option>
			<Option value="60">60</Option>
		</List>
	</Field>
	<Field id="ProcessLastSeen" type="checkbox" defaultValue="false" visibleBindingId="Welcome" visibleBindingValue="true" tooltip="Check to add Last Seen variable for each person">
		<Label>Add Last Seen variable for each person (Welcome only)</Label>
	</Field>
	<Field id="DeleteForgotten" type="checkbox" defaultValue="false" visibleBindingId="Welcome" visibleBindingValue="true" tooltip="Check to automatically delete persons who have been forgotten in Netatmo app">
		<Label>Automatically delete persons forgotten in Netatmo app (Welcome only)</Label>
	</Field>
	<Field id="SyncCameraNames" type="checkbox" defaultValue="false" visibleBindingId="Welcome" visibleBindingValue="true" tooltip="Check to update camera name(s) in Indigo if changed in Netatmo app">
		<Label>Update camera name(s) in Indigo if changed in Netatmo app</Label>
	</Field>
	<Field id="SnapshotPath" type="textfield" defaultValue="" visibleBindingId="Welcome" visibleBindingValue="true" tooltip="Path to folder where you want camera snapshots to be stored, for example /Users/myname/Desktop">
		<Label>Path to snapshot folder</Label>
	</Field>
	<Field id="pcSep2" type="separator" />
	<Field id="HealthyHome" type="checkbox" defaultValue="false" tooltip="Check if you have Netatmo Healthy Home air quality monitor(s)">
		<Label>Healthy Home monitor(s) installed</Label>
	</Field>
	<Field id="ShowAirQualityInNotes" type="checkbox" defaultValue="false" visibleBindingId="HealthyHome" visibleBindingValue="true" tooltip="Check to show air quality in Indigo Home Window Notes column">
		<Label>Show air quality in Indigo Home Window Notes column</Label>
	</Field>
	<Field id="SyncMonitorNames" type="checkbox" defaultValue="false" visibleBindingId="HealthyHome" visibleBindingValue="true" tooltip="Check to update monitor name(s) in Indigo if changed in Netatmo app">
		<Label>Update monitor name(s) in Indigo if changed in Netatmo app</Label>
	</Field>
	<Field id="pcSep3" type="separator" />
	<Field id="Weather" type="checkbox" defaultValue="false" tooltip="Check if you have a Netatmo Weather Station">
		<Label>Weather Station installed</Label>
	</Field>
	<Field id="ShowDirectionInNotes" type="checkbox" defaultValue="false" visibleBindingId="Weather" visibleBindingValue="true" tooltip="Check to show wind direction in Indigo Home Window Notes column">
		<Label>Show wind direction in Indigo Home Window Notes column</Label>
	</Field>
	<Field id="IncludeFavourites" type="checkbox" defaultValue="false" visibleBindingId="Weather" visibleBindingValue="true" tooltip="Check to add Indigo devices for favourite third party stations'">
		<Label>Add Indigo devices for favourite third party stations</Label>
	</Field>
	<Field id="pcSep4" type="separator" />
	<Field id="Smoke" type="checkbox" defaultValue="false" tooltip="Check if you have a Netatmo Smoke Detector">
		<Label>Smoke Detector(s) installed</Label>
	</Field>
	<Field id="SyncDetectorNames" type="checkbox" defaultValue="false" visibleBindingId="Smoke" visibleBindingValue="true" tooltip="Check to update detector name(s) in Indigo if changed in Netatmo app">
		<Label>Update detector name(s) in Indigo if changed in Netatmo app</Label>
	</Field>
	<Field id="pcSep5" type="separator" />
	<Field id="Therm" type="checkbox" defaultValue="false" tooltip="Check if you have Netatmo Thermostat(s)/TRV(s)">
		<Label>Thermostat(s)/TRV(s) installed</Label>
	</Field>
	<Field id="ShowSetpointInNotes" type="checkbox" defaultValue="false" visibleBindingId="Therm" visibleBindingValue="true" tooltip="Check to show setpoints in Indigo Home Window Notes column">
		<Label>Show setpoints in Indigo Home Window Notes column</Label>
	</Field>
	<Field id="DefaultBoostTemp" type="menu" defaultValue="20" visibleBindingId="Therm" visibleBindingValue="true">
		<Label>Default Boost Temperature:</Label>
		<List>
			<Option value="10">10 degC</Option>
			<Option value="15">15 degC</Option>
			<Option value="16">16 degC</Option>
			<Option value="17">17 degC</Option>
			<Option value="18">18 degC</Option>
			<Option value="19">19 degC</Option>
			<Option value="20">20 degC</Option>
			<Option value="21">21 degC</Option>
			<Option value="22">22 degC</Option>
			<Option value="23">23 degC</Option>
			<Option value="24">24 degC</Option>
			<Option value="25">25 degC</Option>
		</List>
	</Field>
	<Field id="UseAppDefault" type="checkbox" defaultValue="false" visibleBindingId="Therm" visibleBindingValue="true" tooltip="Check to use default override time period set in phone app">
		<Label>Use default time period from phone app: </Label>
	</Field>
	<Field id="DefaultBoostHours" type="menu" defaultValue="01" visibleBindingId="UseAppDefault" visibleBindingValue="false">
		<Label>Default Boost Period:</Label>
		<List>
			<Option value="01">1 Hour</Option>
			<Option value="02">2 Hours</Option>
			<Option value="03">3 Hours</Option>
			<Option value="04">4 Hours</Option>
			<Option value="05">5 Hours</Option>
			<Option value="06">6 Hours</Option>
			<Option value="07">7 Hours</Option>
			<Option value="08">8 Hours</Option>
			<Option value="09">9 Hours</Option>
			<Option value="10">10 Hours</Option>
			<Option value="15">15 Hours</Option>
			<Option value="20">20 Hours</Option>
		</List>
	</Field>
	<Field id="LimescaleProtect" type="checkbox" defaultValue="false" visibleBindingId="Therm" visibleBindingValue="true" tooltip="Check to activate weekly limescale protection routine">
		<Label>Schedule weekly limescale protection: </Label>
	</Field>
	<Field id="LimeTime" type="menu" defaultValue="10" visibleBindingId="LimescaleProtect" visibleBindingValue="true" tooltip="Limescale protect TRV open/close cycle time (minutes)">
		<Label>Limescale Protect TRV cycle time: </Label>
		<List>
			<Option value="5">5 minutes</Option>
			<Option value="10">10 minutes</Option>
			<Option value="15">15 minutes</Option>
			<Option value="30">30 minutes</Option>
			<Option value="45">45 minutes</Option>
			<Option value="60">1 hour</Option>
		</List>
	</Field>
	<Field id="pcSep6" type="separator" />	
	<Field id="LogChoiceCam" type="checkbox" defaultValue="false" visibleBindingId="Welcome" visibleBindingValue="true" tooltip="Check to write Netatmo Welcome messages to Indigo Event Log">
		<Label>Write Netatmo Camera messages to Indigo Event Log: </Label>
	</Field>
	<Field id="LogChoiceMon" type="checkbox" defaultValue="false" visibleBindingId="HealthyHome" visibleBindingValue="true" tooltip="Check to write Netatmo Healthy Home messages to Indigo Event Log">
		<Label>Write Netatmo Healthy Home messages to Indigo Event Log: </Label>
	</Field>
	<Field id="LogChoiceWs" type="checkbox" defaultValue="false" visibleBindingId="Weather" visibleBindingValue="true" tooltip="Check to write Netatmo Weather Station messages to Indigo Event Log">
		<Label>Write Netatmo Weather Station messages to Indigo Event Log: </Label>
	</Field>
	<Field id="LogChoiceSd" type="checkbox" defaultValue="false" visibleBindingId="Smoke" visibleBindingValue="true" tooltip="Check to write Netatmo Smoke Detector messages to Indigo Event Log">
		<Label>Write Netatmo Smoke Detector messages to Indigo Event Log: </Label>
	</Field>
	<Field id="LogChoiceTherm" type="checkbox" defaultValue="false" visibleBindingId="Therm" visibleBindingValue="true" tooltip="Check to write Netatmo Energy messages to Indigo Event Log">
		<Label>Write Netatmo Thermostat messages to Indigo Event Log: </Label>
	</Field>
	<Field id="pcSep7" type="separator" />
	<Field id="debugEnabled" type="checkbox" defaultValue="false" tooltip="Check to write debug messages to Indigo Event Log">
		<Label>Write debug messages to Indigo Event Log: </Label>
	</Field>	
</PluginConfig>
